name,owner,language,stars,forks,createdAt,updatedAt,topics,license,description
public-apis,public-apis,Python,338978,35766,2016-03-20T23:49:42Z,2025-05-10T21:03:03Z,"api, apis, dataset, development, free, list, lists, open-source, public, public-api, public-apis, resources, software",MIT License,A collective list of free APIs
system-design-primer,donnemartin,Python,298856,49604,2017-02-26T16:15:28Z,2025-05-10T22:10:10Z,"design, design-patterns, design-system, development, interview, interview-practice, interview-questions, programming, python, system, web, web-application, webapp",Other,Learn how to design large-scale systems. Prep for the system design interview.  Includes Anki flashcards.
awesome-python,vinta,Python,242989,25654,2014-06-27T21:00:06Z,2025-05-10T22:11:58Z,"awesome, collections, python, python-framework, python-library, python-resources",Other,"An opinionated list of awesome Python frameworks, libraries, software and resources."
Python,TheAlgorithms,Python,200336,46725,2016-07-16T09:44:01Z,2025-05-10T21:24:55Z,"algorithm, algorithm-competitions, algorithms-implemented, algos, community-driven, education, hacktoberfest, interview, learn, practice, python, searches, sorting-algorithms, sorts",MIT License,All Algorithms implemented in Python
AutoGPT,Significant-Gravitas,Python,175189,45693,2023-03-16T09:21:07Z,2025-05-10T21:47:38Z,"ai, artificial-intelligence, autonomous-agents, gpt-4, llama-api, openai, python",Other,"AutoGPT is the vision of accessible AI for everyone, to use and to build on. Our mission is to provide the tools, so that you can focus on what matters."
stable-diffusion-webui,AUTOMATIC1111,Python,152239,28324,2022-08-22T14:05:26Z,2025-05-10T21:57:10Z,"ai, ai-art, deep-learning, diffusion, gradio, image-generation, image2image, img2img, pytorch, stable-diffusion, text2image, torch, txt2img, unstable, upscaling, web",GNU Affero General Public License v3.0,Stable Diffusion web UI
transformers,huggingface,Python,144128,28899,2018-10-29T13:56:00Z,2025-05-10T22:08:23Z,"bert, deep-learning, flax, hacktoberfest, jax, language-model, language-models, machine-learning, model-hub, natural-language-processing, nlp, nlp-library, pretrained-models, python, pytorch, pytorch-transformers, seq2seq, speech-recognition, tensorflow, transformer",Apache License 2.0,"ü§ó Transformers: State-of-the-art Machine Learning for Pytorch, TensorFlow, and JAX."
youtube-dl,ytdl-org,Python,135591,10324,2010-10-31T14:35:07Z,2025-05-10T21:29:02Z,,The Unlicense,Command-line program to download videos from YouTube.com and other video sites
yt-dlp,yt-dlp,Python,111307,8750,2020-10-26T04:22:55Z,2025-05-10T22:08:25Z,"python, sponsorblock, video-downloader, youtube-dl, youtube-dlc, youtube-downloader, yt-dlp",The Unlicense,A feature-rich command-line audio/video downloader
HelloGitHub,521xueweihan,Python,108016,10038,2016-05-04T06:24:11Z,2025-05-10T21:53:43Z,"awesome, github, hellogithub, python",No license,":octocat: ÂàÜ‰∫´ GitHub ‰∏äÊúâË∂£„ÄÅÂÖ•Èó®Á∫ßÁöÑÂºÄÊ∫êÈ°πÁõÆ„ÄÇShare interesting, entry-level open source projects on GitHub."
DeepSeek-V3,deepseek-ai,Python,96619,15712,2024-12-26T09:52:40Z,2025-05-10T21:24:51Z,,MIT License,
thefuck,nvbn,Python,91829,3687,2015-04-08T15:08:04Z,2025-05-10T19:47:54Z,"python, shell",MIT License,Magnificent app which corrects your previous console command.
pytorch,pytorch,Python,89821,24109,2016-08-13T05:26:41Z,2025-05-10T22:08:21Z,"autograd, deep-learning, gpu, machine-learning, neural-network, numpy, python, tensor",Other,Tensors and Dynamic neural networks in Python with strong GPU acceleration
fastapi,fastapi,Python,84457,7322,2018-12-08T08:21:47Z,2025-05-10T21:12:38Z,"api, async, asyncio, fastapi, framework, json, json-schema, openapi, openapi3, pydantic, python, python-types, python3, redoc, rest, starlette, swagger, swagger-ui, uvicorn, web",MIT License,"FastAPI framework, high performance, easy to learn, fast to code, ready for production"
django,django,Python,83500,32560,2012-04-28T02:47:18Z,2025-05-10T21:25:00Z,"apps, django, framework, models, orm, python, templates, views, web","BSD 3-Clause ""New"" or ""Revised"" License",The Web framework for perfectionists with deadlines.
whisper,openai,Python,81443,9786,2022-09-16T20:02:54Z,2025-05-10T22:04:23Z,,MIT License,Robust Speech Recognition via Large-Scale Weak Supervision
core,home-assistant,Python,78846,33607,2013-09-17T07:29:48Z,2025-05-10T22:08:19Z,"asyncio, hacktoberfest, home-automation, internet-of-things, iot, mqtt, python, raspberry-pi",Apache License 2.0,:house_with_garden: Open source home automation that puts local control and privacy first.
models,tensorflow,Python,77511,45607,2016-02-05T01:15:20Z,2025-05-10T17:55:56Z,,Other,Models and examples built with TensorFlow
manim,3b1b,Python,77325,6682,2015-03-22T18:50:58Z,2025-05-10T21:25:55Z,"3b1b-videos, animation, explanatory-math-videos, python",MIT License,Animation engine for explanatory math videos
ComfyUI,comfyanonymous,Python,76460,8367,2023-01-17T03:15:56Z,2025-05-10T22:07:48Z,"pytorch, stable-diffusion",GNU General Public License v3.0,"The most powerful and modular diffusion model GUI, api and backend with a graph/nodes interface."
devops-exercises,bregman-arie,Python,75795,16891,2019-10-03T17:31:21Z,2025-05-10T22:02:45Z,"ansible, aws, azure, coding, containers, devops, docker, git, interview, interview-questions, kubernetes, linux, openstack, production-engineer, prometheus, python, sql, sre, terraform",Other,"Linux, Jenkins, AWS, SRE, Prometheus, Docker, Python, Ansible, Git, Kubernetes, Terraform, OpenStack, SQL, NoSQL, Azure, GCP, DNS, Elastic, Network, Virtualization. DevOps Interview Questions"
funNLP,fighting41love,Python,73126,14845,2018-08-21T11:20:39Z,2025-05-10T20:41:55Z,,No license,"‰∏≠Ëã±ÊñáÊïèÊÑüËØç„ÄÅËØ≠Ë®ÄÊ£ÄÊµã„ÄÅ‰∏≠Â§ñÊâãÊú∫/ÁîµËØùÂΩíÂ±ûÂú∞/ËøêËê•ÂïÜÊü•ËØ¢„ÄÅÂêçÂ≠óÊé®Êñ≠ÊÄßÂà´„ÄÅÊâãÊú∫Âè∑ÊäΩÂèñ„ÄÅË∫´‰ªΩËØÅÊäΩÂèñ„ÄÅÈÇÆÁÆ±ÊäΩÂèñ„ÄÅ‰∏≠Êó•Êñá‰∫∫ÂêçÂ∫ì„ÄÅ‰∏≠ÊñáÁº©ÂÜôÂ∫ì„ÄÅÊãÜÂ≠óËØçÂÖ∏„ÄÅËØçÊ±áÊÉÖÊÑüÂÄº„ÄÅÂÅúÁî®ËØç„ÄÅÂèçÂä®ËØçË°®„ÄÅÊö¥ÊÅêËØçË°®„ÄÅÁπÅÁÆÄ‰ΩìËΩ¨Êç¢„ÄÅËã±ÊñáÊ®°Êãü‰∏≠ÊñáÂèëÈü≥„ÄÅÊ±™Â≥∞Ê≠åËØçÁîüÊàêÂô®„ÄÅËÅå‰∏öÂêçÁß∞ËØçÂ∫ì„ÄÅÂêå‰πâËØçÂ∫ì„ÄÅÂèç‰πâËØçÂ∫ì„ÄÅÂê¶ÂÆöËØçÂ∫ì„ÄÅÊ±ΩËΩ¶ÂìÅÁâåËØçÂ∫ì„ÄÅÊ±ΩËΩ¶Èõ∂‰ª∂ËØçÂ∫ì„ÄÅËøûÁª≠Ëã±ÊñáÂàáÂâ≤„ÄÅÂêÑÁßç‰∏≠ÊñáËØçÂêëÈáè„ÄÅÂÖ¨Âè∏ÂêçÂ≠óÂ§ßÂÖ®„ÄÅÂè§ËØóËØçÂ∫ì„ÄÅITËØçÂ∫ì„ÄÅË¥¢ÁªèËØçÂ∫ì„ÄÅÊàêËØ≠ËØçÂ∫ì„ÄÅÂú∞ÂêçËØçÂ∫ì„ÄÅÂéÜÂè≤Âêç‰∫∫ËØçÂ∫ì„ÄÅËØóËØçËØçÂ∫ì„ÄÅÂåªÂ≠¶ËØçÂ∫ì„ÄÅÈ•ÆÈ£üËØçÂ∫ì„ÄÅÊ≥ïÂæãËØçÂ∫ì„ÄÅÊ±ΩËΩ¶ËØçÂ∫ì„ÄÅÂä®Áâ©ËØçÂ∫ì„ÄÅ‰∏≠ÊñáËÅäÂ§©ËØ≠Êñô„ÄÅ‰∏≠ÊñáË∞£Ë®ÄÊï∞ÊçÆ„ÄÅÁôæÂ∫¶‰∏≠ÊñáÈóÆÁ≠îÊï∞ÊçÆÈõÜ„ÄÅÂè•Â≠êÁõ∏‰ººÂ∫¶ÂåπÈÖçÁÆóÊ≥ïÈõÜÂêà„ÄÅbertËµÑÊ∫ê„ÄÅÊñáÊú¨ÁîüÊàê&ÊëòË¶ÅÁõ∏ÂÖ≥Â∑•ÂÖ∑„ÄÅcocoNLP‰ø°ÊÅØÊäΩÂèñÂ∑•ÂÖ∑„ÄÅÂõΩÂÜÖÁîµËØùÂè∑Á†ÅÊ≠£ÂàôÂåπÈÖç„ÄÅÊ∏ÖÂçéÂ§ßÂ≠¶XLORE:‰∏≠Ëã±ÊñáË∑®ËØ≠Ë®ÄÁôæÁßëÁü•ËØÜÂõæË∞±„ÄÅÊ∏ÖÂçéÂ§ßÂ≠¶‰∫∫Â∑•Êô∫ËÉΩÊäÄÊúØÁ≥ªÂàóÊä•Âëä„ÄÅËá™ÁÑ∂ËØ≠Ë®ÄÁîüÊàê„ÄÅNLUÂ§™Èöæ‰∫ÜÁ≥ªÂàó„ÄÅËá™Âä®ÂØπËÅîÊï∞ÊçÆÂèäÊú∫Âô®‰∫∫„ÄÅÁî®Êà∑ÂêçÈªëÂêçÂçïÂàóË°®„ÄÅÁΩ™ÂêçÊ≥ïÂä°ÂêçËØçÂèäÂàÜÁ±ªÊ®°Âûã„ÄÅÂæÆ‰ø°ÂÖ¨‰ºóÂè∑ËØ≠Êñô„ÄÅcs224nÊ∑±Â∫¶Â≠¶‰π†Ëá™ÁÑ∂ËØ≠Ë®ÄÂ§ÑÁêÜËØæÁ®ã„ÄÅ‰∏≠ÊñáÊâãÂÜôÊ±âÂ≠óËØÜÂà´„ÄÅ‰∏≠ÊñáËá™ÁÑ∂ËØ≠Ë®ÄÂ§ÑÁêÜ ËØ≠Êñô/Êï∞ÊçÆÈõÜ„ÄÅÂèòÈáèÂëΩÂêçÁ•ûÂô®„ÄÅÂàÜËØçËØ≠ÊñôÂ∫ì+‰ª£Á†Å„ÄÅ‰ªªÂä°ÂûãÂØπËØùËã±ÊñáÊï∞ÊçÆÈõÜ„ÄÅASR ËØ≠Èü≥Êï∞ÊçÆÈõÜ + Âü∫‰∫éÊ∑±Â∫¶Â≠¶‰π†ÁöÑ‰∏≠ÊñáËØ≠Èü≥ËØÜÂà´Á≥ªÁªü„ÄÅÁ¨ëÂ£∞Ê£ÄÊµãÂô®„ÄÅMicrosoftÂ§öËØ≠Ë®ÄÊï∞Â≠ó/Âçï‰Ωç/Â¶ÇÊó•ÊúüÊó∂Èó¥ËØÜÂà´ÂåÖ„ÄÅ‰∏≠ÂçéÊñ∞ÂçéÂ≠óÂÖ∏Êï∞ÊçÆÂ∫ìÂèäapi(ÂåÖÊã¨Â∏∏Áî®Ê≠áÂêéËØ≠„ÄÅÊàêËØ≠„ÄÅËØçËØ≠ÂíåÊ±âÂ≠ó)„ÄÅÊñáÊ°£ÂõæË∞±Ëá™Âä®ÁîüÊàê„ÄÅSpaCy ‰∏≠ÊñáÊ®°Âûã„ÄÅCommon VoiceËØ≠Èü≥ËØÜÂà´Êï∞ÊçÆÈõÜÊñ∞Áâà„ÄÅÁ•ûÁªèÁΩëÁªúÂÖ≥Á≥ªÊäΩÂèñ„ÄÅÂü∫‰∫ébertÁöÑÂëΩÂêçÂÆû‰ΩìËØÜÂà´„ÄÅÂÖ≥ÈîÆËØç(Keyphrase)ÊäΩÂèñÂåÖpke„ÄÅÂü∫‰∫éÂåªÁñóÈ¢ÜÂüüÁü•ËØÜÂõæË∞±ÁöÑÈóÆÁ≠îÁ≥ªÁªü„ÄÅÂü∫‰∫é‰æùÂ≠òÂè•Ê≥ï‰∏éËØ≠‰πâËßíËâ≤Ê†áÊ≥®ÁöÑ‰∫ã‰ª∂‰∏âÂÖÉÁªÑÊäΩÂèñ„ÄÅ‰æùÂ≠òÂè•Ê≥ïÂàÜÊûê4‰∏áÂè•È´òË¥®ÈáèÊ†áÊ≥®Êï∞ÊçÆ„ÄÅcnocrÔºöÁî®Êù•ÂÅö‰∏≠ÊñáOCRÁöÑPython3ÂåÖ„ÄÅ‰∏≠Êñá‰∫∫Áâ©ÂÖ≥Á≥ªÁü•ËØÜÂõæË∞±È°πÁõÆ„ÄÅ‰∏≠ÊñánlpÁ´ûËµõÈ°πÁõÆÂèä‰ª£Á†ÅÊ±áÊÄª„ÄÅ‰∏≠ÊñáÂ≠óÁ¨¶Êï∞ÊçÆ„ÄÅspeech-aligner: ‰ªé‚Äú‰∫∫Â£∞ËØ≠Èü≥‚ÄùÂèäÂÖ∂‚ÄúËØ≠Ë®ÄÊñáÊú¨‚Äù‰∫ßÁîüÈü≥Á¥†Á∫ßÂà´Êó∂Èó¥ÂØπÈΩêÊ†áÊ≥®ÁöÑÂ∑•ÂÖ∑„ÄÅAmpliGraph: Áü•ËØÜÂõæË∞±Ë°®Á§∫Â≠¶‰π†(Python)Â∫ìÔºöÁü•ËØÜÂõæË∞±Ê¶ÇÂøµÈìæÊé•È¢ÑÊµã„ÄÅScattertext ÊñáÊú¨ÂèØËßÜÂåñ(python)„ÄÅËØ≠Ë®Ä/Áü•ËØÜË°®Á§∫Â∑•ÂÖ∑ÔºöBERT & ERNIE„ÄÅ‰∏≠ÊñáÂØπÊØîËã±ÊñáËá™ÁÑ∂ËØ≠Ë®ÄÂ§ÑÁêÜNLPÁöÑÂå∫Âà´ÁªºËø∞„ÄÅSynonyms‰∏≠ÊñáËøë‰πâËØçÂ∑•ÂÖ∑ÂåÖ„ÄÅHarvestTextÈ¢ÜÂüüËá™ÈÄÇÂ∫îÊñáÊú¨ÊåñÊéòÂ∑•ÂÖ∑ÔºàÊñ∞ËØçÂèëÁé∞-ÊÉÖÊÑüÂàÜÊûê-ÂÆû‰ΩìÈìæÊé•Á≠âÔºâ„ÄÅword2wordÔºö(Python)Êñπ‰æøÊòìÁî®ÁöÑÂ§öËØ≠Ë®ÄËØç-ËØçÂØπÈõÜÔºö62ÁßçËØ≠Ë®Ä/3,564‰∏™Â§öËØ≠Ë®ÄÂØπ„ÄÅËØ≠Èü≥ËØÜÂà´ËØ≠ÊñôÁîüÊàêÂ∑•ÂÖ∑Ôºö‰ªéÂÖ∑ÊúâÈü≥È¢ë/Â≠óÂπïÁöÑÂú®Á∫øËßÜÈ¢ëÂàõÂª∫Ëá™Âä®ËØ≠Èü≥ËØÜÂà´(ASR)ËØ≠ÊñôÂ∫ì„ÄÅÊûÑÂª∫ÂåªÁñóÂÆû‰ΩìËØÜÂà´ÁöÑÊ®°ÂûãÔºàÂåÖÂê´ËØçÂÖ∏ÂíåËØ≠ÊñôÊ†áÊ≥®Ôºâ„ÄÅÂçïÊñáÊ°£ÈùûÁõëÁù£ÁöÑÂÖ≥ÈîÆËØçÊäΩÂèñ„ÄÅKashgari‰∏≠‰ΩøÁî®gpt-2ËØ≠Ë®ÄÊ®°Âûã„ÄÅÂºÄÊ∫êÁöÑÈáëËûçÊäïËµÑÊï∞ÊçÆÊèêÂèñÂ∑•ÂÖ∑„ÄÅÊñáÊú¨Ëá™Âä®ÊëòË¶ÅÂ∫ìTextTeaser: ‰ªÖÊîØÊåÅËã±Êñá„ÄÅ‰∫∫Ê∞ëÊó•Êä•ËØ≠ÊñôÂ§ÑÁêÜÂ∑•ÂÖ∑ÈõÜ„ÄÅ‰∏Ä‰∫õÂÖ≥‰∫éËá™ÁÑ∂ËØ≠Ë®ÄÁöÑÂü∫Êú¨Ê®°Âûã„ÄÅÂü∫‰∫é14WÊ≠åÊõ≤Áü•ËØÜÂ∫ìÁöÑÈóÆÁ≠îÂ∞ùËØï--ÂäüËÉΩÂåÖÊã¨Ê≠åËØçÊé•ÈæôandÂ∑≤Áü•Ê≠åËØçÊâæÊ≠åÊõ≤‰ª•ÂèäÊ≠åÊõ≤Ê≠åÊâãÊ≠åËØç‰∏âËßíÂÖ≥Á≥ªÁöÑÈóÆÁ≠î„ÄÅÂü∫‰∫éSiamese bilstmÊ®°ÂûãÁöÑÁõ∏‰ººÂè•Â≠êÂà§ÂÆöÊ®°ÂûãÂπ∂Êèê‰æõËÆ≠ÁªÉÊï∞ÊçÆÈõÜÂíåÊµãËØïÊï∞ÊçÆÈõÜ„ÄÅÁî®TransformerÁºñËß£Á†ÅÊ®°ÂûãÂÆûÁé∞ÁöÑÊ†πÊçÆHacker NewsÊñáÁ´†Ê†áÈ¢òËá™Âä®ÁîüÊàêËØÑËÆ∫„ÄÅÁî®BERTËøõË°åÂ∫èÂàóÊ†áËÆ∞ÂíåÊñáÊú¨ÂàÜÁ±ªÁöÑÊ®°Êùø‰ª£Á†Å„ÄÅLitBankÔºöNLPÊï∞ÊçÆÈõÜ‚Äî‚ÄîÊîØÊåÅËá™ÁÑ∂ËØ≠Ë®ÄÂ§ÑÁêÜÂíåËÆ°ÁÆó‰∫∫ÊñáÂ≠¶Áßë‰ªªÂä°ÁöÑ100ÈÉ®Â∏¶Ê†áËÆ∞Ëã±ÊñáÂ∞èËØ¥ËØ≠Êñô„ÄÅÁôæÂ∫¶ÂºÄÊ∫êÁöÑÂü∫ÂáÜ‰ø°ÊÅØÊäΩÂèñÁ≥ªÁªü„ÄÅËôöÂÅáÊñ∞ÈóªÊï∞ÊçÆÈõÜ„ÄÅFacebook: LAMAËØ≠Ë®ÄÊ®°ÂûãÂàÜÊûêÔºåÊèê‰æõTransformer-XL/BERT/ELMo/GPTÈ¢ÑËÆ≠ÁªÉËØ≠Ë®ÄÊ®°ÂûãÁöÑÁªü‰∏ÄËÆøÈóÆÊé•Âè£„ÄÅCommonsenseQAÔºöÈù¢ÂêëÂ∏∏ËØÜÁöÑËã±ÊñáQAÊåëÊàò„ÄÅ‰∏≠ÊñáÁü•ËØÜÂõæË∞±ËµÑÊñô„ÄÅÊï∞ÊçÆÂèäÂ∑•ÂÖ∑„ÄÅÂêÑÂ§ßÂÖ¨Âè∏ÂÜÖÈÉ®ÈáåÂ§ßÁâõÂàÜ‰∫´ÁöÑÊäÄÊúØÊñáÊ°£ PDF ÊàñËÄÖ PPT„ÄÅËá™ÁÑ∂ËØ≠Ë®ÄÁîüÊàêSQLËØ≠Âè•ÔºàËã±ÊñáÔºâ„ÄÅ‰∏≠ÊñáNLPÊï∞ÊçÆÂ¢ûÂº∫ÔºàEDAÔºâÂ∑•ÂÖ∑„ÄÅËã±ÊñáNLPÊï∞ÊçÆÂ¢ûÂº∫Â∑•ÂÖ∑ „ÄÅÂü∫‰∫éÂåªËçØÁü•ËØÜÂõæË∞±ÁöÑÊô∫ËÉΩÈóÆÁ≠îÁ≥ªÁªü„ÄÅ‰∫¨‰∏úÂïÜÂìÅÁü•ËØÜÂõæË∞±„ÄÅÂü∫‰∫émongodbÂ≠òÂÇ®ÁöÑÂÜõ‰∫ãÈ¢ÜÂüüÁü•ËØÜÂõæË∞±ÈóÆÁ≠îÈ°πÁõÆ„ÄÅÂü∫‰∫éËøúÁõëÁù£ÁöÑ‰∏≠ÊñáÂÖ≥Á≥ªÊäΩÂèñ„ÄÅËØ≠Èü≥ÊÉÖÊÑüÂàÜÊûê„ÄÅ‰∏≠ÊñáULMFiT-ÊÉÖÊÑüÂàÜÊûê-ÊñáÊú¨ÂàÜÁ±ª-ËØ≠ÊñôÂèäÊ®°Âûã„ÄÅ‰∏Ä‰∏™ÊãçÁÖßÂÅöÈ¢òÁ®ãÂ∫è„ÄÅ‰∏ñÁïåÂêÑÂõΩÂ§ßËßÑÊ®°‰∫∫ÂêçÂ∫ì„ÄÅ‰∏Ä‰∏™Âà©Áî®ÊúâË∂£‰∏≠ÊñáËØ≠ÊñôÂ∫ì qingyun ËÆ≠ÁªÉÂá∫Êù•ÁöÑ‰∏≠ÊñáËÅäÂ§©Êú∫Âô®‰∫∫„ÄÅ‰∏≠ÊñáËÅäÂ§©Êú∫Âô®‰∫∫seqGAN„ÄÅÁúÅÂ∏ÇÂå∫ÈïáË°åÊîøÂå∫ÂàíÊï∞ÊçÆÂ∏¶ÊãºÈü≥Ê†áÊ≥®„ÄÅÊïôËÇ≤Ë°å‰∏öÊñ∞ÈóªËØ≠ÊñôÂ∫ìÂåÖÂê´Ëá™Âä®ÊñáÊëòÂäüËÉΩ„ÄÅÂºÄÊîæ‰∫ÜÂØπËØùÊú∫Âô®‰∫∫-Áü•ËØÜÂõæË∞±-ËØ≠‰πâÁêÜËß£-Ëá™ÁÑ∂ËØ≠Ë®ÄÂ§ÑÁêÜÂ∑•ÂÖ∑ÂèäÊï∞ÊçÆ„ÄÅ‰∏≠ÊñáÁü•ËØÜÂõæË∞±ÔºöÂü∫‰∫éÁôæÂ∫¶ÁôæÁßë‰∏≠ÊñáÈ°µÈù¢-ÊäΩÂèñ‰∏âÂÖÉÁªÑ‰ø°ÊÅØ-ÊûÑÂª∫‰∏≠ÊñáÁü•ËØÜÂõæË∞±„ÄÅmasr: ‰∏≠ÊñáËØ≠Èü≥ËØÜÂà´-Êèê‰æõÈ¢ÑËÆ≠ÁªÉÊ®°Âûã-È´òËØÜÂà´Áéá„ÄÅPythonÈü≥È¢ëÊï∞ÊçÆÂ¢ûÂπøÂ∫ì„ÄÅ‰∏≠ÊñáÂÖ®ËØçË¶ÜÁõñBERTÂèä‰∏§‰ªΩÈòÖËØªÁêÜËß£Êï∞ÊçÆ„ÄÅConvLabÔºöÂºÄÊ∫êÂ§öÂüüÁ´ØÂà∞Á´ØÂØπËØùÁ≥ªÁªüÂπ≥Âè∞„ÄÅ‰∏≠ÊñáËá™ÁÑ∂ËØ≠Ë®ÄÂ§ÑÁêÜÊï∞ÊçÆÈõÜ„ÄÅÂü∫‰∫éÊúÄÊñ∞ÁâàÊú¨rasaÊê≠Âª∫ÁöÑÂØπËØùÁ≥ªÁªü„ÄÅÂü∫‰∫éTensorFlowÂíåBERTÁöÑÁÆ°ÈÅìÂºèÂÆû‰ΩìÂèäÂÖ≥Á≥ªÊäΩÂèñ„ÄÅ‰∏Ä‰∏™Â∞èÂûãÁöÑËØÅÂà∏Áü•ËØÜÂõæË∞±/Áü•ËØÜÂ∫ì„ÄÅÂ§çÁõòÊâÄÊúâNLPÊØîËµõÁöÑTOPÊñπÊ°à„ÄÅOpenCLaPÔºöÂ§öÈ¢ÜÂüüÂºÄÊ∫ê‰∏≠ÊñáÈ¢ÑËÆ≠ÁªÉËØ≠Ë®ÄÊ®°Âûã‰ªìÂ∫ì„ÄÅUERÔºöÂü∫‰∫é‰∏çÂêåËØ≠Êñô+ÁºñÁ†ÅÂô®+ÁõÆÊ†á‰ªªÂä°ÁöÑ‰∏≠ÊñáÈ¢ÑËÆ≠ÁªÉÊ®°Âûã‰ªìÂ∫ì„ÄÅ‰∏≠ÊñáËá™ÁÑ∂ËØ≠Ë®ÄÂ§ÑÁêÜÂêëÈáèÂêàÈõÜ„ÄÅÂü∫‰∫éÈáëËûç-Âè∏Ê≥ïÈ¢ÜÂüü(ÂÖºÊúâÈó≤ËÅäÊÄßË¥®)ÁöÑËÅäÂ§©Êú∫Âô®‰∫∫„ÄÅg2pCÔºöÂü∫‰∫é‰∏ä‰∏ãÊñáÁöÑÊ±âËØ≠ËØªÈü≥Ëá™Âä®Ê†áËÆ∞Ê®°Âùó„ÄÅZincbase Áü•ËØÜÂõæË∞±ÊûÑÂª∫Â∑•ÂÖ∑ÂåÖ„ÄÅËØóÊ≠åË¥®ÈáèËØÑ‰ª∑/ÁªÜÁ≤íÂ∫¶ÊÉÖÊÑüËØóÊ≠åËØ≠ÊñôÂ∫ì„ÄÅÂø´ÈÄüËΩ¨Âåñ„Äå‰∏≠ÊñáÊï∞Â≠ó„ÄçÂíå„ÄåÈòøÊãâ‰ºØÊï∞Â≠ó„Äç„ÄÅÁôæÂ∫¶Áü•ÈÅìÈóÆÁ≠îËØ≠ÊñôÂ∫ì„ÄÅÂü∫‰∫éÁü•ËØÜÂõæË∞±ÁöÑÈóÆÁ≠îÁ≥ªÁªü„ÄÅjieba_fast Âä†ÈÄüÁâàÁöÑjieba„ÄÅÊ≠£ÂàôË°®ËææÂºèÊïôÁ®ã„ÄÅ‰∏≠ÊñáÈòÖËØªÁêÜËß£Êï∞ÊçÆÈõÜ„ÄÅÂü∫‰∫éBERTÁ≠âÊúÄÊñ∞ËØ≠Ë®ÄÊ®°ÂûãÁöÑÊäΩÂèñÂºèÊëòË¶ÅÊèêÂèñ„ÄÅPythonÂà©Áî®Ê∑±Â∫¶Â≠¶‰π†ËøõË°åÊñáÊú¨ÊëòË¶ÅÁöÑÁªºÂêàÊåáÂçó„ÄÅÁü•ËØÜÂõæË∞±Ê∑±Â∫¶Â≠¶‰π†Áõ∏ÂÖ≥ËµÑÊñôÊï¥ÁêÜ„ÄÅÁª¥Âü∫Â§ßËßÑÊ®°Âπ≥Ë°åÊñáÊú¨ËØ≠Êñô„ÄÅStanfordNLP 0.2.0ÔºöÁ∫ØPythonÁâàËá™ÁÑ∂ËØ≠Ë®ÄÂ§ÑÁêÜÂåÖ„ÄÅNeuralNLP-NeuralClassifierÔºöËÖæËÆØÂºÄÊ∫êÊ∑±Â∫¶Â≠¶‰π†ÊñáÊú¨ÂàÜÁ±ªÂ∑•ÂÖ∑„ÄÅÁ´ØÂà∞Á´ØÁöÑÂ∞ÅÈó≠ÂüüÂØπËØùÁ≥ªÁªü„ÄÅ‰∏≠ÊñáÂëΩÂêçÂÆû‰ΩìËØÜÂà´ÔºöNeuroNER vs. BertNER„ÄÅÊñ∞Èóª‰∫ã‰ª∂Á∫øÁ¥¢ÊäΩÂèñ„ÄÅ2019Âπ¥ÁôæÂ∫¶ÁöÑ‰∏âÂÖÉÁªÑÊäΩÂèñÊØîËµõÔºö‚ÄúÁßëÂ≠¶Á©∫Èó¥Èòü‚ÄùÊ∫êÁ†Å„ÄÅÂü∫‰∫é‰æùÂ≠òÂè•Ê≥ïÁöÑÂºÄÊîæÂüüÊñáÊú¨Áü•ËØÜ‰∏âÂÖÉÁªÑÊäΩÂèñÂíåÁü•ËØÜÂ∫ìÊûÑÂª∫„ÄÅ‰∏≠ÊñáÁöÑGPT2ËÆ≠ÁªÉ‰ª£Á†Å„ÄÅML-NLP - Êú∫Âô®Â≠¶‰π†(Machine Learning)NLPÈù¢ËØï‰∏≠Â∏∏ËÄÉÂà∞ÁöÑÁü•ËØÜÁÇπÂíå‰ª£Á†ÅÂÆûÁé∞„ÄÅnlp4han:‰∏≠ÊñáËá™ÁÑ∂ËØ≠Ë®ÄÂ§ÑÁêÜÂ∑•ÂÖ∑ÈõÜ(Êñ≠Âè•/ÂàÜËØç/ËØçÊÄßÊ†áÊ≥®/ÁªÑÂùó/Âè•Ê≥ïÂàÜÊûê/ËØ≠‰πâÂàÜÊûê/NER/NÂÖÉËØ≠Ê≥ï/HMM/‰ª£ËØçÊ∂àËß£/ÊÉÖÊÑüÂàÜÊûê/ÊãºÂÜôÊ£ÄÊü•„ÄÅXLMÔºöFacebookÁöÑË∑®ËØ≠Ë®ÄÈ¢ÑËÆ≠ÁªÉËØ≠Ë®ÄÊ®°Âûã„ÄÅÁî®Âü∫‰∫éBERTÁöÑÂæÆË∞ÉÂíåÁâπÂæÅÊèêÂèñÊñπÊ≥ïÊù•ËøõË°åÁü•ËØÜÂõæË∞±ÁôæÂ∫¶ÁôæÁßë‰∫∫Áâ©ËØçÊù°Â±ûÊÄßÊäΩÂèñ„ÄÅ‰∏≠ÊñáËá™ÁÑ∂ËØ≠Ë®ÄÂ§ÑÁêÜÁõ∏ÂÖ≥ÁöÑÂºÄÊîæ‰ªªÂä°-Êï∞ÊçÆÈõÜ-ÂΩìÂâçÊúÄ‰Ω≥ÁªìÊûú„ÄÅCoupletAI - Âü∫‰∫éCNN+Bi-LSTM+Attention ÁöÑËá™Âä®ÂØπÂØπËÅîÁ≥ªÁªü„ÄÅÊäΩË±°Áü•ËØÜÂõæË∞±„ÄÅMiningZhiDaoQACorpus - 580‰∏áÁôæÂ∫¶Áü•ÈÅìÈóÆÁ≠îÊï∞ÊçÆÊåñÊéòÈ°πÁõÆ„ÄÅbrat rapid annotation tool: Â∫èÂàóÊ†áÊ≥®Â∑•ÂÖ∑„ÄÅÂ§ßËßÑÊ®°‰∏≠ÊñáÁü•ËØÜÂõæË∞±Êï∞ÊçÆÔºö1.4‰∫øÂÆû‰Ωì„ÄÅÊï∞ÊçÆÂ¢ûÂº∫Âú®Êú∫Âô®ÁøªËØëÂèäÂÖ∂‰ªñnlp‰ªªÂä°‰∏≠ÁöÑÂ∫îÁî®ÂèäÊïàÊûú„ÄÅallennlpÈòÖËØªÁêÜËß£:ÊîØÊåÅÂ§öÁßçÊï∞ÊçÆÂíåÊ®°Âûã„ÄÅPDFË°®Ê†ºÊï∞ÊçÆÊèêÂèñÂ∑•ÂÖ∑ „ÄÅ GraphbrainÔºöAIÂºÄÊ∫êËΩØ‰ª∂Â∫ìÂíåÁßëÁ†îÂ∑•ÂÖ∑ÔºåÁõÆÁöÑÊòØ‰øÉËøõËá™Âä®ÊÑè‰πâÊèêÂèñÂíåÊñáÊú¨ÁêÜËß£‰ª•ÂèäÁü•ËØÜÁöÑÊé¢Á¥¢ÂíåÊé®Êñ≠„ÄÅÁÆÄÂéÜËá™Âä®Á≠õÈÄâÁ≥ªÁªü„ÄÅÂü∫‰∫éÂëΩÂêçÂÆû‰ΩìËØÜÂà´ÁöÑÁÆÄÂéÜËá™Âä®ÊëòË¶Å„ÄÅ‰∏≠ÊñáËØ≠Ë®ÄÁêÜËß£ÊµãËØÑÂü∫ÂáÜÔºåÂåÖÊã¨‰ª£Ë°®ÊÄßÁöÑÊï∞ÊçÆÈõÜ&Âü∫ÂáÜÊ®°Âûã&ËØ≠ÊñôÂ∫ì&ÊéíË°åÊ¶ú„ÄÅÊ†ëÊ¥û OCR ÊñáÂ≠óËØÜÂà´ „ÄÅ‰ªéÂåÖÂê´Ë°®Ê†ºÁöÑÊâ´ÊèèÂõæÁâá‰∏≠ËØÜÂà´Ë°®Ê†ºÂíåÊñáÂ≠ó„ÄÅËØ≠Â£∞ËøÅÁßª„ÄÅPythonÂè£ËØ≠Ëá™ÁÑ∂ËØ≠Ë®ÄÂ§ÑÁêÜÂ∑•ÂÖ∑ÈõÜ(Ëã±Êñá)„ÄÅ similarityÔºöÁõ∏‰ººÂ∫¶ËÆ°ÁÆóÂ∑•ÂÖ∑ÂåÖÔºåjavaÁºñÂÜô„ÄÅÊµ∑Èáè‰∏≠ÊñáÈ¢ÑËÆ≠ÁªÉALBERTÊ®°Âûã „ÄÅTransformers 2.0 „ÄÅÂü∫‰∫éÂ§ßËßÑÊ®°Èü≥È¢ëÊï∞ÊçÆÈõÜAudiosetÁöÑÈü≥È¢ëÂ¢ûÂº∫ „ÄÅPoplarÔºöÁΩëÈ°µÁâàËá™ÁÑ∂ËØ≠Ë®ÄÊ†áÊ≥®Â∑•ÂÖ∑„ÄÅÂõæÁâáÊñáÂ≠óÂéªÈô§ÔºåÂèØÁî®‰∫éÊº´ÁîªÁøªËØë „ÄÅ186ÁßçËØ≠Ë®ÄÁöÑÊï∞Â≠óÂè´Ê≥ïÂ∫ì„ÄÅAmazonÂèëÂ∏ÉÂü∫‰∫éÁü•ËØÜÁöÑ‰∫∫-‰∫∫ÂºÄÊîæÈ¢ÜÂüüÂØπËØùÊï∞ÊçÆÈõÜ „ÄÅ‰∏≠ÊñáÊñáÊú¨Á∫†ÈîôÊ®°Âùó‰ª£Á†Å„ÄÅÁπÅÁÆÄ‰ΩìËΩ¨Êç¢ „ÄÅ PythonÂÆûÁé∞ÁöÑÂ§öÁßçÊñáÊú¨ÂèØËØªÊÄßËØÑ‰ª∑ÊåáÊ†á„ÄÅÁ±ª‰ºº‰∫é‰∫∫Âêç/Âú∞Âêç/ÁªÑÁªáÊú∫ÊûÑÂêçÁöÑÂëΩÂêç‰ΩìËØÜÂà´Êï∞ÊçÆÈõÜ „ÄÅ‰∏úÂçóÂ§ßÂ≠¶„ÄäÁü•ËØÜÂõæË∞±„ÄãÁ†îÁ©∂ÁîüËØæÁ®ã(ËµÑÊñô)„ÄÅ. Ëã±ÊñáÊãºÂÜôÊ£ÄÊü•Â∫ì „ÄÅ wwsearchÊòØ‰ºÅ‰∏öÂæÆ‰ø°ÂêéÂè∞Ëá™Á†îÁöÑÂÖ®ÊñáÊ£ÄÁ¥¢ÂºïÊìé„ÄÅCHAMELEONÔºöÊ∑±Â∫¶Â≠¶‰π†Êñ∞ÈóªÊé®ËçêÁ≥ªÁªüÂÖÉÊû∂ÊûÑ „ÄÅ 8ÁØáËÆ∫ÊñáÊ¢≥ÁêÜBERTÁõ∏ÂÖ≥Ê®°ÂûãËøõÂ±ï‰∏éÂèçÊÄù„ÄÅDocSearchÔºöÂÖçË¥πÊñáÊ°£ÊêúÁ¥¢ÂºïÊìé„ÄÅ LIDAÔºöËΩªÈáè‰∫§‰∫íÂºèÂØπËØùÊ†áÊ≥®Â∑•ÂÖ∑ „ÄÅaili - the fastest in-memory index in the East ‰∏úÂçäÁêÉÊúÄÂø´Âπ∂ÂèëÁ¥¢Âºï „ÄÅÁü•ËØÜÂõæË∞±ËΩ¶Èü≥Â∑•‰ΩúÈ°πÁõÆ„ÄÅËá™ÁÑ∂ËØ≠Ë®ÄÁîüÊàêËµÑÊ∫êÂ§ßÂÖ® „ÄÅ‰∏≠Êó•Èü©ÂàÜËØçÂ∫ìmecabÁöÑPythonÊé•Âè£Â∫ì„ÄÅ‰∏≠ÊñáÊñáÊú¨ÊëòË¶Å/ÂÖ≥ÈîÆËØçÊèêÂèñ„ÄÅÊ±âÂ≠óÂ≠óÁ¨¶ÁâπÂæÅÊèêÂèñÂô® (featurizer)ÔºåÊèêÂèñÊ±âÂ≠óÁöÑÁâπÂæÅÔºàÂèëÈü≥ÁâπÂæÅ„ÄÅÂ≠óÂΩ¢ÁâπÂæÅÔºâÁî®ÂÅöÊ∑±Â∫¶Â≠¶‰π†ÁöÑÁâπÂæÅ„ÄÅ‰∏≠ÊñáÁîüÊàê‰ªªÂä°Âü∫ÂáÜÊµãËØÑ „ÄÅ‰∏≠ÊñáÁº©ÂÜôÊï∞ÊçÆÈõÜ„ÄÅ‰∏≠Êñá‰ªªÂä°Âü∫ÂáÜÊµãËØÑ - ‰ª£Ë°®ÊÄßÁöÑÊï∞ÊçÆÈõÜ-Âü∫ÂáÜ(È¢ÑËÆ≠ÁªÉ)Ê®°Âûã-ËØ≠ÊñôÂ∫ì-baseline-Â∑•ÂÖ∑ÂåÖ-ÊéíË°åÊ¶ú„ÄÅPySS3ÔºöÈù¢ÂêëÂèØËß£ÈáäAIÁöÑSS3ÊñáÊú¨ÂàÜÁ±ªÂô®Êú∫Âô®ÂèØËßÜÂåñÂ∑•ÂÖ∑ „ÄÅ‰∏≠ÊñáNLPÊï∞ÊçÆÈõÜÂàóË°®„ÄÅCOPE - Ê†ºÂæãËØóÁºñËæëÁ®ãÂ∫è„ÄÅdoccanoÔºöÂü∫‰∫éÁΩëÈ°µÁöÑÂºÄÊ∫êÂçèÂêåÂ§öËØ≠Ë®ÄÊñáÊú¨Ê†áÊ≥®Â∑•ÂÖ∑ „ÄÅPreNLPÔºöËá™ÁÑ∂ËØ≠Ë®ÄÈ¢ÑÂ§ÑÁêÜÂ∫ì„ÄÅÁÆÄÂçïÁöÑÁÆÄÂéÜËß£ÊûêÂô®ÔºåÁî®Êù•‰ªéÁÆÄÂéÜ‰∏≠ÊèêÂèñÂÖ≥ÈîÆ‰ø°ÊÅØ„ÄÅÁî®‰∫é‰∏≠ÊñáÈó≤ËÅäÁöÑGPT2Ê®°ÂûãÔºöGPT2-chitchat„ÄÅÂü∫‰∫éÊ£ÄÁ¥¢ËÅäÂ§©Êú∫Âô®‰∫∫Â§öËΩÆÂìçÂ∫îÈÄâÊã©Áõ∏ÂÖ≥ËµÑÊ∫êÂàóË°®(Leaderboards„ÄÅDatasets„ÄÅPapers)„ÄÅ(Colab)ÊäΩË±°ÊñáÊú¨ÊëòË¶ÅÂÆûÁé∞ÈõÜÈî¶(ÊïôÁ®ã „ÄÅËØçËØ≠ÊãºÈü≥Êï∞ÊçÆ„ÄÅÈ´òÊïàÊ®°Á≥äÊêúÁ¥¢Â∑•ÂÖ∑„ÄÅNLPÊï∞ÊçÆÂ¢ûÂπøËµÑÊ∫êÈõÜ„ÄÅÂæÆËΩØÂØπËØùÊú∫Âô®‰∫∫Ê°ÜÊû∂ „ÄÅ GitHub Typo CorpusÔºöÂ§ßËßÑÊ®°GitHubÂ§öËØ≠Ë®ÄÊãºÂÜôÈîôËØØ/ËØ≠Ê≥ïÈîôËØØÊï∞ÊçÆÈõÜ„ÄÅTextClusterÔºöÁü≠ÊñáÊú¨ËÅöÁ±ªÈ¢ÑÂ§ÑÁêÜÊ®°Âùó Short text cluster„ÄÅÈù¢ÂêëËØ≠Èü≥ËØÜÂà´ÁöÑ‰∏≠ÊñáÊñáÊú¨ËßÑËåÉÂåñ„ÄÅBLINKÔºöÊúÄÂÖàËøõÁöÑÂÆû‰ΩìÈìæÊé•Â∫ì„ÄÅBertPuncÔºöÂü∫‰∫éBERTÁöÑÊúÄÂÖàËøõÊ†áÁÇπ‰øÆÂ§çÊ®°Âûã„ÄÅTokenizerÔºöÂø´ÈÄü„ÄÅÂèØÂÆöÂà∂ÁöÑÊñáÊú¨ËØçÊù°ÂåñÂ∫ì„ÄÅ‰∏≠ÊñáËØ≠Ë®ÄÁêÜËß£ÊµãËØÑÂü∫ÂáÜÔºåÂåÖÊã¨‰ª£Ë°®ÊÄßÁöÑÊï∞ÊçÆÈõÜ„ÄÅÂü∫ÂáÜ(È¢ÑËÆ≠ÁªÉ)Ê®°Âûã„ÄÅËØ≠ÊñôÂ∫ì„ÄÅÊéíË°åÊ¶ú„ÄÅspaCy ÂåªÂ≠¶ÊñáÊú¨ÊåñÊéò‰∏é‰ø°ÊÅØÊèêÂèñ „ÄÅ NLP‰ªªÂä°Á§∫‰æãÈ°πÁõÆ‰ª£Á†ÅÈõÜ„ÄÅ pythonÊãºÂÜôÊ£ÄÊü•Â∫ì„ÄÅchatbot-list - Ë°å‰∏öÂÜÖÂÖ≥‰∫éÊô∫ËÉΩÂÆ¢Êúç„ÄÅËÅäÂ§©Êú∫Âô®‰∫∫ÁöÑÂ∫îÁî®ÂíåÊû∂ÊûÑ„ÄÅÁÆóÊ≥ïÂàÜ‰∫´Âíå‰ªãÁªç„ÄÅËØ≠Èü≥Ë¥®ÈáèËØÑ‰ª∑ÊåáÊ†á(MOSNet, BSSEval, STOI, PESQ, SRMR)„ÄÅ Áî®138GBËØ≠ÊñôËÆ≠ÁªÉÁöÑÊ≥ïÊñáRoBERTaÈ¢ÑËÆ≠ÁªÉËØ≠Ë®ÄÊ®°Âûã „ÄÅBERT-NER-PytorchÔºö‰∏âÁßç‰∏çÂêåÊ®°ÂºèÁöÑBERT‰∏≠ÊñáNERÂÆûÈ™å„ÄÅÊó†ÈÅìËØçÂÖ∏ - ÊúâÈÅìËØçÂÖ∏ÁöÑÂëΩ‰ª§Ë°åÁâàÊú¨ÔºåÊîØÊåÅËã±Ê±â‰∫íÊü•ÂíåÂú®Á∫øÊü•ËØ¢„ÄÅ2019Âπ¥NLP‰∫ÆÁÇπÂõûÈ°æ„ÄÅ Chinese medical dialogue data ‰∏≠ÊñáÂåªÁñóÂØπËØùÊï∞ÊçÆÈõÜ „ÄÅÊúÄÂ•ΩÁöÑÊ±âÂ≠óÊï∞Â≠ó(‰∏≠ÊñáÊï∞Â≠ó)-ÈòøÊãâ‰ºØÊï∞Â≠óËΩ¨Êç¢Â∑•ÂÖ∑„ÄÅ Âü∫‰∫éÁôæÁßëÁü•ËØÜÂ∫ìÁöÑ‰∏≠ÊñáËØçËØ≠Â§öËØç‰πâ/‰πâÈ°πËé∑Âèñ‰∏éÁâπÂÆöÂè•Â≠êËØçËØ≠ËØ≠‰πâÊ∂àÊ≠ß„ÄÅawesome-nlp-sentiment-analysis - ÊÉÖÊÑüÂàÜÊûê„ÄÅÊÉÖÁª™ÂéüÂõ†ËØÜÂà´„ÄÅËØÑ‰ª∑ÂØπË±°ÂíåËØÑ‰ª∑ËØçÊäΩÂèñ„ÄÅLineFlowÔºöÈù¢ÂêëÊâÄÊúâÊ∑±Â∫¶Â≠¶‰π†Ê°ÜÊû∂ÁöÑNLPÊï∞ÊçÆÈ´òÊïàÂä†ËΩΩÂô®„ÄÅ‰∏≠ÊñáÂåªÂ≠¶NLPÂÖ¨ÂºÄËµÑÊ∫êÊï¥ÁêÜ „ÄÅMedQuADÔºö(Ëã±Êñá)ÂåªÂ≠¶ÈóÆÁ≠îÊï∞ÊçÆÈõÜ„ÄÅÂ∞ÜËá™ÁÑ∂ËØ≠Ë®ÄÊï∞Â≠ó‰∏≤Ëß£ÊûêËΩ¨Êç¢‰∏∫Êï¥Êï∞ÂíåÊµÆÁÇπÊï∞„ÄÅTransfer Learning in Natural Language Processing (NLP) „ÄÅÈù¢ÂêëËØ≠Èü≥ËØÜÂà´ÁöÑ‰∏≠Êñá/Ëã±ÊñáÂèëÈü≥ËæûÂÖ∏„ÄÅTokenizersÔºöÊ≥®ÈáçÊÄßËÉΩ‰∏éÂ§öÂäüËÉΩÊÄßÁöÑÊúÄÂÖàËøõÂàÜËØçÂô®„ÄÅCLUENER ÁªÜÁ≤íÂ∫¶ÂëΩÂêçÂÆû‰ΩìËØÜÂà´ Fine Grained Named Entity Recognition„ÄÅ Âü∫‰∫éBERTÁöÑ‰∏≠ÊñáÂëΩÂêçÂÆû‰ΩìËØÜÂà´„ÄÅ‰∏≠ÊñáË∞£Ë®ÄÊï∞ÊçÆÂ∫ì„ÄÅNLPÊï∞ÊçÆÈõÜ/Âü∫ÂáÜ‰ªªÂä°Â§ßÂàóË°®„ÄÅnlpÁõ∏ÂÖ≥ÁöÑ‰∏Ä‰∫õËÆ∫ÊñáÂèä‰ª£Á†Å, ÂåÖÊã¨‰∏ªÈ¢òÊ®°Âûã„ÄÅËØçÂêëÈáè(Word Embedding)„ÄÅÂëΩÂêçÂÆû‰ΩìËØÜÂà´(NER)„ÄÅÊñáÊú¨ÂàÜÁ±ª(Text Classificatin)„ÄÅÊñáÊú¨ÁîüÊàê(Text Generation)„ÄÅÊñáÊú¨Áõ∏‰ººÊÄß(Text Similarity)ËÆ°ÁÆóÁ≠âÔºåÊ∂âÂèäÂà∞ÂêÑÁßç‰∏énlpÁõ∏ÂÖ≥ÁöÑÁÆóÊ≥ïÔºåÂü∫‰∫ékerasÂíåtensorflow „ÄÅPythonÊñáÊú¨ÊåñÊéò/NLPÂÆûÊàòÁ§∫‰æã„ÄÅ BlackstoneÔºöÈù¢ÂêëÈùûÁªìÊûÑÂåñÊ≥ïÂæãÊñáÊú¨ÁöÑspaCy pipelineÂíåNLPÊ®°ÂûãÈÄöËøáÂêå‰πâËØçÊõøÊç¢ÂÆûÁé∞ÊñáÊú¨‚ÄúÂèòËÑ∏‚Äù „ÄÅ‰∏≠Êñá È¢ÑËÆ≠ÁªÉ ELECTREA Ê®°Âûã: Âü∫‰∫éÂØπÊäóÂ≠¶‰π† pretrain Chinese Model „ÄÅalbert-chinese-ner - Áî®È¢ÑËÆ≠ÁªÉËØ≠Ë®ÄÊ®°ÂûãALBERTÂÅö‰∏≠ÊñáNER „ÄÅÂü∫‰∫éGPT2ÁöÑÁâπÂÆö‰∏ªÈ¢òÊñáÊú¨ÁîüÊàê/ÊñáÊú¨Â¢ûÂπø„ÄÅÂºÄÊ∫êÈ¢ÑËÆ≠ÁªÉËØ≠Ë®ÄÊ®°ÂûãÂêàÈõÜ„ÄÅÂ§öËØ≠Ë®ÄÂè•ÂêëÈáèÂåÖ„ÄÅÁºñÁ†Å„ÄÅÊ†áËÆ∞ÂíåÂÆûÁé∞Ôºö‰∏ÄÁßçÂèØÊéßÈ´òÊïàÁöÑÊñáÊú¨ÁîüÊàêÊñπÊ≥ï„ÄÅ Ëã±ÊñáËÑèËØùÂ§ßÂàóË°® „ÄÅattnvisÔºöGPT2„ÄÅBERTÁ≠âtransformerËØ≠Ë®ÄÊ®°ÂûãÊ≥®ÊÑèÂäõ‰∫§‰∫íÂèØËßÜÂåñ„ÄÅCoVoSTÔºöFacebookÂèëÂ∏ÉÁöÑÂ§öËØ≠ÁßçËØ≠Èü≥-ÊñáÊú¨ÁøªËØëËØ≠ÊñôÂ∫ìÔºåÂåÖÊã¨11ÁßçËØ≠Ë®Ä(Ê≥ïËØ≠„ÄÅÂæ∑ËØ≠„ÄÅËç∑ÂÖ∞ËØ≠„ÄÅ‰øÑËØ≠„ÄÅË•øÁè≠ÁâôËØ≠„ÄÅÊÑèÂ§ßÂà©ËØ≠„ÄÅÂúüËÄ≥ÂÖ∂ËØ≠„ÄÅÊ≥¢ÊñØËØ≠„ÄÅÁëûÂÖ∏ËØ≠„ÄÅËíôÂè§ËØ≠Âíå‰∏≠Êñá)ÁöÑËØ≠Èü≥„ÄÅÊñáÂ≠óËΩ¨ÂΩïÂèäËã±ÊñáËØëÊñá„ÄÅJiaguËá™ÁÑ∂ËØ≠Ë®ÄÂ§ÑÁêÜÂ∑•ÂÖ∑ - ‰ª•BiLSTMÁ≠âÊ®°Âûã‰∏∫Âü∫Á°ÄÔºåÊèê‰æõÁü•ËØÜÂõæË∞±ÂÖ≥Á≥ªÊäΩÂèñ ‰∏≠ÊñáÂàÜËØç ËØçÊÄßÊ†áÊ≥® ÂëΩÂêçÂÆû‰ΩìËØÜÂà´ ÊÉÖÊÑüÂàÜÊûê Êñ∞ËØçÂèëÁé∞ ÂÖ≥ÈîÆËØç ÊñáÊú¨ÊëòË¶Å ÊñáÊú¨ËÅöÁ±ªÁ≠âÂäüËÉΩ„ÄÅÁî®unetÂÆûÁé∞ÂØπÊñáÊ°£Ë°®Ê†ºÁöÑËá™Âä®Ê£ÄÊµãÔºåË°®Ê†ºÈáçÂª∫„ÄÅNLP‰∫ã‰ª∂ÊèêÂèñÊñáÁåÆËµÑÊ∫êÂàóË°® „ÄÅ ÈáëËûçÈ¢ÜÂüüËá™ÁÑ∂ËØ≠Ë®ÄÂ§ÑÁêÜÁ†îÁ©∂ËµÑÊ∫êÂ§ßÂàóË°®„ÄÅCLUEDatasetSearch - ‰∏≠Ëã±ÊñáNLPÊï∞ÊçÆÈõÜÔºöÊêúÁ¥¢ÊâÄÊúâ‰∏≠ÊñáNLPÊï∞ÊçÆÈõÜÔºåÈôÑÂ∏∏Áî®Ëã±ÊñáNLPÊï∞ÊçÆÈõÜ „ÄÅmedical_NER - ‰∏≠ÊñáÂåªÂ≠¶Áü•ËØÜÂõæË∞±ÂëΩÂêçÂÆû‰ΩìËØÜÂà´ „ÄÅ(Âìà‰Ωõ)ËÆ≤Âõ†ÊûúÊé®ÁêÜÁöÑÂÖçË¥π‰π¶„ÄÅÁü•ËØÜÂõæË∞±Áõ∏ÂÖ≥Â≠¶‰π†ËµÑÊñô/Êï∞ÊçÆÈõÜ/Â∑•ÂÖ∑ËµÑÊ∫êÂ§ßÂàóË°®„ÄÅForteÔºöÁÅµÊ¥ªÂº∫Â§ßÁöÑËá™ÁÑ∂ËØ≠Ë®ÄÂ§ÑÁêÜpipelineÂ∑•ÂÖ∑ÈõÜ „ÄÅPythonÂ≠óÁ¨¶‰∏≤Áõ∏‰ººÊÄßÁÆóÊ≥ïÂ∫ì„ÄÅPyLaiaÔºöÈù¢ÂêëÊâãÂÜôÊñáÊ°£ÂàÜÊûêÁöÑÊ∑±Â∫¶Â≠¶‰π†Â∑•ÂÖ∑ÂåÖ„ÄÅTextFoolerÔºöÈíàÂØπÊñáÊú¨ÂàÜÁ±ª/Êé®ÁêÜÁöÑÂØπÊäóÊñáÊú¨ÁîüÊàêÊ®°Âùó„ÄÅHaystackÔºöÁÅµÊ¥ª„ÄÅÂº∫Â§ßÁöÑÂèØÊâ©Â±ïÈóÆÁ≠î(QA)Ê°ÜÊû∂„ÄÅ‰∏≠ÊñáÂÖ≥ÈîÆÁü≠ËØ≠ÊäΩÂèñÂ∑•ÂÖ∑"
screenshot-to-code,abi,Python,69884,8623,2023-11-14T17:53:32Z,2025-05-10T20:59:53Z,,MIT License,Drop in a screenshot and convert it to clean code (HTML/Tailwind/React/Vue)
flask,pallets,Python,69505,16387,2010-04-06T11:11:59Z,2025-05-10T21:26:02Z,"flask, jinja, pallets, python, web-framework, werkzeug, wsgi","BSD 3-Clause ""New"" or ""Revised"" License",The Python micro framework for building web applications.
d2l-zh,d2l-ai,Python,69136,11609,2017-08-23T04:40:24Z,2025-05-10T18:30:54Z,"book, chinese, computer-vision, deep-learning, machine-learning, natural-language-processing, notebook, python",Apache License 2.0,„ÄäÂä®ÊâãÂ≠¶Ê∑±Â∫¶Â≠¶‰π†„ÄãÔºöÈù¢Âêë‰∏≠ÊñáËØªËÄÖ„ÄÅËÉΩËøêË°å„ÄÅÂèØËÆ®ËÆ∫„ÄÇ‰∏≠Ëã±ÊñáÁâàË¢´70Â§ö‰∏™ÂõΩÂÆ∂ÁöÑ500Â§öÊâÄÂ§ßÂ≠¶Áî®‰∫éÊïôÂ≠¶„ÄÇ
gpt_academic,binary-husky,Python,68426,8344,2023-03-20T09:05:13Z,2025-05-10T22:10:11Z,"academic, chatglm-6b, chatgpt, gpt-4, large-language-models",GNU General Public License v3.0,"‰∏∫GPT/GLMÁ≠âLLMÂ§ßËØ≠Ë®ÄÊ®°ÂûãÊèê‰æõÂÆûÁî®Âåñ‰∫§‰∫íÊé•Âè£ÔºåÁâπÂà´‰ºòÂåñËÆ∫ÊñáÈòÖËØª/Ê∂¶Ëâ≤/ÂÜô‰Ωú‰ΩìÈ™åÔºåÊ®°ÂùóÂåñËÆæËÆ°ÔºåÊîØÊåÅËá™ÂÆö‰πâÂø´Êç∑ÊåâÈíÆ&ÂáΩÊï∞Êèí‰ª∂ÔºåÊîØÊåÅPythonÂíåC++Á≠âÈ°πÁõÆÂâñÊûê&Ëá™ËØëËß£ÂäüËÉΩÔºåPDF/LaTexËÆ∫ÊñáÁøªËØë&ÊÄªÁªìÂäüËÉΩÔºåÊîØÊåÅÂπ∂Ë°åÈóÆËØ¢Â§öÁßçLLMÊ®°ÂûãÔºåÊîØÊåÅchatglm3Á≠âÊú¨Âú∞Ê®°Âûã„ÄÇÊé•ÂÖ•ÈÄö‰πâÂçÉÈóÆ, deepseekcoder, ËÆØÈ£ûÊòüÁÅ´, ÊñáÂøÉ‰∏ÄË®Ä, llama2, rwkv, claude2, mossÁ≠â„ÄÇ"
awesome-machine-learning,josephmisiti,Python,67968,14891,2014-07-15T19:11:19Z,2025-05-10T20:25:37Z,,Other,"A curated list of awesome Machine Learning frameworks, libraries and software."
cpython,python,Python,66885,31850,2017-02-10T19:23:51Z,2025-05-10T22:08:21Z,,Other,The Python programming language
Deep-Live-Cam,hacksider,Python,65930,9165,2023-09-24T13:19:31Z,2025-05-10T22:06:03Z,"ai, ai-deep-fake, ai-face, ai-webcam, artificial-intelligence, deep-fake, deepfake, deepfake-webcam, faceswap, fake-webcam, gan, real-time-deepfake, realtime, realtime-deepfake, realtime-face-changer, video-deepfake, webcam, webcamera",GNU Affero General Public License v3.0,real time face swap and one-click video deepfake with only a single image
PayloadsAllTheThings,swisskyrepo,Python,65300,15333,2016-10-18T07:29:07Z,2025-05-10T22:08:21Z,"bounty, bugbounty, bypass, cheatsheet, enumeration, hacking, hacktoberfest, methodology, payload, payloads, penetration-testing, pentest, privilege-escalation, redteam, security, vulnerability, web-application",MIT License,A list of useful payloads and bypass for Web Application Security and Pentest/CTF
ansible,ansible,Python,64960,24019,2012-03-06T14:58:02Z,2025-05-10T21:22:33Z,"ansible, hacktoberfest, python",GNU General Public License v3.0,"Ansible is a radically simple IT automation platform that makes your applications and systems easier to deploy and maintain. Automate everything from code deployment to network configuration to cloud management, in a language that approaches plain English, using SSH, with no agents to install on remote systems. https://docs.ansible.com."
sherlock,sherlock-project,Python,64298,7453,2018-12-24T14:30:48Z,2025-05-10T22:02:14Z,"cli, cti, cybersecurity, forensics, hacktoberfest, information-gathering, infosec, linux, osint, pentesting, python, python3, reconnaissance, redteam, sherlock, tools",MIT License,Hunt down social media accounts by username across social networks
gpt4free,xtekky,Python,64198,13632,2023-03-29T17:00:43Z,2025-05-10T18:57:01Z,"chatbot, chatbots, chatgpt, chatgpt-4, chatgpt-api, chatgpt-free, chatgpt4, deepseek, deepseek-api, deepseek-r1, gpt, gpt-4, gpt-4o, gpt4, gpt4-api, language-model, openai, openai-api, openai-chatgpt, reverse-engineering",GNU General Public License v3.0,"The official gpt4free repository | various collection of powerful language models | o4, o3 and deepseek r1, gpt-4.1, gemini 2.5"
keras,keras-team,Python,62972,19579,2015-03-28T00:35:42Z,2025-05-10T21:57:06Z,"data-science, deep-learning, jax, machine-learning, neural-networks, python, pytorch, tensorflow",Apache License 2.0,Deep Learning for humans
scikit-learn,scikit-learn,Python,61989,25817,2010-08-17T09:43:38Z,2025-05-10T20:35:12Z,"data-analysis, data-science, machine-learning, python, statistics","BSD 3-Clause ""New"" or ""Revised"" License",scikit-learn: machine learning in Python
new-pac,Alvin9999,Python,61783,9946,2016-03-23T08:43:36Z,2025-05-10T22:08:20Z,"brook, clash, fanqiang, free-ss, free-ssr, hysteria, naiveproxy, shadowsocks, shadowsocksr, sing-box, ss, ssr, trojan, v2ray, vless, vmess, vpn, xray, youtube",No license,ÁøªÂ¢ô-ÁßëÂ≠¶‰∏äÁΩë„ÄÅËá™Áî±‰∏äÁΩë„ÄÅÂÖçË¥πÁßëÂ≠¶‰∏äÁΩë„ÄÅÂÖçË¥πÁøªÂ¢ô„ÄÅfanqiang„ÄÅÊ≤πÁÆ°youtube/ËßÜÈ¢ë‰∏ãËΩΩ„ÄÅËΩØ‰ª∂„ÄÅVPN„ÄÅ‰∏ÄÈîÆÁøªÂ¢ôÊµèËßàÂô®Ôºåvps‰∏ÄÈîÆÊê≠Âª∫ÁøªÂ¢ôÊúçÂä°Âô®ËÑöÊú¨/ÊïôÁ®ãÔºåÂÖçË¥πshadowsocks/ss/ssr/v2ray/goflywayË¥¶Âè∑/ËäÇÁÇπÔºåÁøªÂ¢ôÊ¢ØÂ≠êÔºåÁîµËÑë„ÄÅÊâãÊú∫„ÄÅiOS„ÄÅÂÆâÂçì„ÄÅwindows„ÄÅMac„ÄÅLinux„ÄÅË∑ØÁî±Âô®ÁøªÂ¢ô„ÄÅÁßëÂ≠¶‰∏äÁΩë„ÄÅyoutubeËßÜÈ¢ë‰∏ãËΩΩ„ÄÅyoutubeÊ≤πÁÆ°ÈïúÂÉè/ÂÖçÁøªÂ¢ôÁΩëÁ´ô„ÄÅÁæéÂå∫apple idÂÖ±‰∫´Ë¥¶Âè∑„ÄÅÁøªÂ¢ô-ÁßëÂ≠¶‰∏äÁΩë-Ê¢ØÂ≠ê
annotated_deep_learning_paper_implementations,labmlai,Python,60538,6110,2020-08-25T02:29:34Z,2025-05-10T17:12:41Z,"attention, deep-learning, deep-learning-tutorial, gan, literate-programming, lora, machine-learning, neural-networks, optimizers, pytorch, reinforcement-learning, transformer, transformers",MIT License,"üßë‚Äçüè´ 60+ Implementations/tutorials of deep learning papers with side-by-side notes üìù; including transformers (original, xl, switch, feedback, vit, ...), optimizers (adam, adabelief, sophia, ...), gans(cyclegan, stylegan2, ...), üéÆ reinforcement learning (ppo, dqn), capsnet, distillation, ... üß†"
langflow,langflow-ai,Python,60109,6307,2023-02-08T22:28:03Z,2025-05-10T22:10:12Z,"agents, chatgpt, generative-ai, large-language-models, multiagent, react-flow",MIT License,Langflow is a powerful tool for building and deploying AI-powered agents and workflows.
browser-use,browser-use,Python,59642,6543,2024-10-31T16:00:56Z,2025-05-10T21:55:52Z,"ai-agents, ai-tools, browser-automation, browser-use, llm, playwright, python",MIT License,üåê Make websites accessible for AI agents. Automate tasks online with ease.
open-interpreter,OpenInterpreter,Python,59324,5050,2023-07-14T07:10:44Z,2025-05-10T20:50:04Z,"chatgpt, gpt-4, interpreter, javascript, nodejs, python",GNU Affero General Public License v3.0,A natural language interface for computers
localstack,localstack,Python,58862,4143,2016-10-25T23:48:03Z,2025-05-10T18:17:32Z,"aws, cloud, continuous-integration, developer-tools, localstack, python, testing",Other,üíª A fully functional local AWS cloud stack. Develop and test your cloud & Serverless apps offline
llama,meta-llama,Python,58206,9761,2023-02-14T09:29:12Z,2025-05-10T17:57:44Z,,Other,Inference code for Llama models
markitdown,microsoft,Python,56566,2876,2024-11-13T19:56:40Z,2025-05-10T20:47:40Z,"autogen, autogen-extension, langchain, markdown, microsoft-office, openai, pdf",MIT License,Python tool for converting files and office documents to Markdown.
private-gpt,zylon-ai,Python,55774,7470,2023-05-02T09:15:31Z,2025-05-10T20:00:47Z,,Apache License 2.0,"Interact with your documents using the power of GPT, 100% privately, no data leaks"
you-get,soimort,Python,55567,9754,2012-08-20T15:53:36Z,2025-05-10T14:26:07Z,,Other,:arrow_double_down: Dumb downloader that scrapes the web
MetaGPT,FoundationAgents,Python,55455,6595,2023-06-30T09:04:55Z,2025-05-10T20:47:45Z,"agent, gpt, llm, metagpt, multi-agent",MIT License,"üåü The Multi-Agent Framework: First AI Software Company, Towards Natural Language Programming"
scrapy,scrapy,Python,55158,10790,2010-02-22T02:01:14Z,2025-05-10T20:41:04Z,"crawler, crawling, framework, hacktoberfest, python, scraping, web-scraping, web-scraping-python","BSD 3-Clause ""New"" or ""Revised"" License","Scrapy, a fast high-level web crawling & scraping framework for Python."
face_recognition,ageitgey,Python,54718,13607,2017-03-03T21:52:39Z,2025-05-10T18:06:24Z,"face-detection, face-recognition, machine-learning, python",MIT License,The world's simplest facial recognition api for Python and the command line
Real-Time-Voice-Cloning,CorentinJ,Python,54176,8963,2019-05-26T08:56:15Z,2025-05-10T21:51:35Z,"deep-learning, python, pytorch, tensorflow, tts, voice-cloning",Other,Clone a voice in 5 seconds to generate arbitrary speech in real-time
gpt-engineer,AntonOsika,Python,54100,7106,2023-04-29T12:52:15Z,2025-05-10T22:10:20Z,"ai, autonomous-agent, code-generation, codebase-generation, codegen, coding-assistant, gpt-4, gpt-engineer, openai, python",MIT License,CLI platform to experiment with codegen. Precursor to: https://lovable.dev
OpenHands,All-Hands-AI,Python,54029,6086,2024-03-13T03:33:31Z,2025-05-10T22:08:28Z,"agent, artificial-intelligence, chatgpt, claude-ai, cli, developer-tools, gpt, llm, openai",MIT License,"üôå OpenHands: Code Less, Make More"
faceswap,deepfakes,Python,53877,13387,2017-12-19T09:44:13Z,2025-05-10T19:54:34Z,"deep-face-swap, deep-learning, deep-neural-networks, deepface, deepfakes, deeplearning, face-swap, faceswap, fakeapp, machine-learning, myfakeapp, neural-nets, neural-networks, openfaceswap",GNU General Public License v3.0,Deepfakes Software For All
yolov5,ultralytics,Python,53754,16895,2020-05-18T03:45:11Z,2025-05-10T22:08:24Z,"coreml, deep-learning, ios, machine-learning, ml, object-detection, onnx, pytorch, tflite, ultralytics, yolo, yolov3, yolov5",GNU Affero General Public License v3.0,YOLOv5 üöÄ in PyTorch > ONNX > CoreML > TFLite
openpilot,commaai,Python,53729,9719,2016-11-24T01:33:30Z,2025-05-10T22:08:21Z,"advanced-driver-assistance-systems, driver-assistance-systems, robotics",MIT License,"openpilot is an operating system for robotics. Currently, it upgrades the driver assistance system on 300+ supported cars."
requests,psf,Python,52850,9450,2011-02-13T18:38:17Z,2025-05-10T21:26:18Z,"client, cookies, forhumans, http, humans, python, python-requests, requests",Apache License 2.0,"A simple, yet elegant, HTTP library."
hackingtool,Z4nzu,Python,52401,5642,2020-04-11T09:21:31Z,2025-05-10T18:32:43Z,"allinonehackingtool, besthackingtool, ctf-tools, ddos-attack-tool, hacker, hacking, linux, password-attack, steganography, web-attack, wireless-attack, xss-attacks, xss-detection",MIT License,ALL IN ONE Hacking Tool For Hackers
rich,Textualize,Python,51992,1831,2019-11-10T15:28:09Z,2025-05-10T21:35:36Z,"ansi-colors, emoji, markdown, progress-bar, progress-bar-python, python, python-library, python3, rich, syntax-highlighting, tables, terminal, terminal-color, traceback, tracebacks-rich, tui",MIT License,Rich is a Python library for rich text and beautiful formatting in the terminal.
grok-1,xai-org,Python,50246,8356,2024-03-17T08:53:38Z,2025-05-10T21:10:44Z,,Apache License 2.0,Grok open release
PaddleOCR,PaddlePaddle,Python,48996,8177,2020-05-08T10:38:16Z,2025-05-10T18:47:45Z,"chineseocr, crnn, db, ocr, ocrlite",Apache License 2.0,"Awesome multilingual OCR toolkits based on PaddlePaddle (practical ultra lightweight OCR system, support 80+ languages recognition, provide data annotation and synthesis tools, support training and deployment among server, mobile, embedded and IoT devices)"
LLaMA-Factory,hiyouga,Python,48580,5909,2023-05-28T10:09:12Z,2025-05-10T21:38:29Z,"agent, ai, chatglm, fine-tuning, gpt, instruction-tuning, language-model, large-language-models, llama, llama3, llm, lora, mistral, moe, peft, qlora, quantization, qwen, rlhf, transformers",Apache License 2.0,Unified Efficient Fine-Tuning of 100+ LLMs & VLMs (ACL 2024)
professional-programming,charlax,Python,47601,3783,2015-11-07T05:07:52Z,2025-05-10T01:29:23Z,"architecture, computer-science, concepts, documentation, engineer, learning, lessons-learned, professional, programmer, programming-language, read-articles, scalability, software-engineering",MIT License,A collection of learning resources for curious software engineers
big-list-of-naughty-strings,minimaxir,Python,47136,2156,2015-08-08T20:57:20Z,2025-05-09T13:19:02Z,,MIT License,The Big List of Naughty Strings is a list of strings which have a high probability of causing issues when used as user-input data.
vllm,vllm-project,Python,47016,7334,2023-02-09T11:23:20Z,2025-05-10T22:08:06Z,"amd, cuda, deepseek, gpt, hpu, inference, inferentia, llama, llm, llm-serving, llmops, mlops, model-serving, pytorch, qwen, rocm, tpu, trainium, transformer, xpu",Apache License 2.0,A high-throughput and memory-efficient inference and serving engine for LLMs
30-Days-Of-Python,Asabeneh,Python,46226,8818,2019-11-19T17:24:16Z,2025-05-10T21:33:53Z,"30-days-of-python, flask, github, heroku, matplotlib, mongodb, numpy, pandas, python, python3",No license,"30 days of Python programming challenge is a step-by-step guide to learn the Python programming language in 30 days. This challenge may take more than100 days, follow your own pace.  These videos may help too: https://www.youtube.com/channel/UC7PNRuno1rzYPb1xLa4yktw"
GPT-SoVITS,RVC-Boss,Python,46112,5072,2024-01-14T18:05:21Z,2025-05-10T20:07:45Z,"text-to-speech, tts, vits, voice-clone, voice-cloneai, voice-cloning",MIT License,1 min voice data can also be used to train a good TTS model! (few shot voice cloning)
OpenManus,FoundationAgents,Python,45383,7834,2025-03-06T14:08:14Z,2025-05-10T21:26:57Z,,MIT License,"No fortress, purely open ground.  OpenManus is Coming."
pandas,pandas-dev,Python,45374,18489,2010-08-24T01:37:33Z,2025-05-10T22:08:19Z,"alignment, data-analysis, data-science, flexible, pandas, python","BSD 3-Clause ""New"" or ""Revised"" License","Flexible and powerful data analysis / manipulation library for Python, providing labeled data structures similar to R data.frame objects, statistical functions, and much more"
Fooocus,lllyasviel,Python,44704,6947,2023-08-09T18:43:40Z,2025-05-10T21:13:50Z,,GNU General Public License v3.0,Focus on prompting and generating
autogen,microsoft,Python,44276,6676,2023-08-18T11:43:45Z,2025-05-10T21:23:34Z,"agentic, agentic-agi, agents, ai, autogen, autogen-ecosystem, chatgpt, framework, llm-agent, llm-framework",Creative Commons Attribution 4.0 International,A programming framework for agentic AI ü§ñ PyPi: autogen-agentchat Discord: https://aka.ms/autogen-discord Office Hour: https://aka.ms/autogen-officehour
text-generation-webui,oobabooga,Python,43537,5611,2022-12-21T04:17:37Z,2025-05-10T20:39:23Z,,GNU Affero General Public License v3.0,A Gradio web UI for Large Language Models with support for multiple inference backends.
odoo,odoo,Python,42861,27689,2014-05-13T15:38:58Z,2025-05-10T22:07:49Z,"apps, business, erp, management, odoo, odoo-apps, python",Other,Odoo. Open Source Apps To Grow Your Business.
crawl4ai,unclecode,Python,42731,3929,2024-05-09T09:48:50Z,2025-05-10T21:45:59Z,,Apache License 2.0,"üöÄü§ñ Crawl4AI: Open-source LLM Friendly Web Crawler & Scraper. Don't be shy, join here: https://discord.gg/jP8KfhDhyN"
llama_index,run-llama,Python,41542,5922,2022-11-02T04:24:54Z,2025-05-10T22:08:05Z,"agents, application, data, fine-tuning, framework, llamaindex, llm, multi-agents, rag, vector-database",MIT License,LlamaIndex is the leading framework for building LLM-powered agents over your data.
python-patterns,faif,Python,41371,6993,2012-06-06T21:02:35Z,2025-05-10T21:24:39Z,"design-patterns, idioms, python",No license,A collection of design patterns/idioms in Python
OpenBB,OpenBB-finance,Python,41306,3689,2020-12-20T10:46:38Z,2025-05-10T21:10:15Z,"ai, crypto, derivatives, economics, equity, finance, fixed-income, machine-learning, openbb, options, python, quantitative-finance, stocks",Other,"Investment Research for Everyone, Everywhere."
nanoGPT,karpathy,Python,41140,6817,2022-12-28T00:51:12Z,2025-05-10T21:23:27Z,,MIT License,"The simplest, fastest repository for training/finetuning medium-sized GPTs."
ChatGLM-6B,THUDM,Python,41050,5223,2023-03-13T12:00:18Z,2025-05-10T17:42:19Z,,Apache License 2.0,ChatGLM-6B: An Open Bilingual Dialogue Language Model | ÂºÄÊ∫êÂèåËØ≠ÂØπËØùËØ≠Ë®ÄÊ®°Âûã
stablediffusion,Stability-AI,Python,40931,5229,2022-11-23T23:59:50Z,2025-05-10T18:38:52Z,,MIT License,High-Resolution Image Synthesis with Latent Diffusion Models
ColossalAI,hpcaitech,Python,40870,4505,2021-10-28T16:19:44Z,2025-05-10T07:13:54Z,"ai, big-model, data-parallelism, deep-learning, distributed-computing, foundation-models, heterogeneous-training, hpc, inference, large-scale, model-parallelism, pipeline-parallelism",Apache License 2.0,"Making large AI models cheaper, faster and more accessible"
sentry,getsentry,Python,40796,4344,2010-08-30T22:06:41Z,2025-05-10T22:07:44Z,"apm, crash-reporting, crash-reports, csp-report, devops, django, error-logging, error-monitoring, fair-source, hacktoberfest, monitor, monitoring, python, sentry, tag-production",Other,Developer-first error tracking and performance monitoring
diagrams,mingrammer,Python,40788,2620,2020-02-02T15:23:24Z,2025-05-10T19:52:28Z,"architecture, diagram, diagram-as-code, graphviz",MIT License,:art: Diagram as Code for prototyping cloud system architectures
ailearning,apachecn,Python,40747,11550,2017-02-25T08:53:02Z,2025-05-10T19:58:25Z,"adaboost, apriori, deeplearning, dnn, fp-growth, kmeans, logistic, lstm, mahchine-leaning, naivebayes, nlp, pca, python, recommendedsystem, regression, rnn, scikit-learn, sklearn, svd, svm",Other,AiLearningÔºöÊï∞ÊçÆÂàÜÊûê+Êú∫Âô®Â≠¶‰π†ÂÆûÊàò+Á∫øÊÄß‰ª£Êï∞+PyTorch+NLTK+TF2
ultralytics,ultralytics,Python,40602,7850,2022-09-11T16:39:45Z,2025-05-10T22:11:05Z,"cli, computer-vision, deep-learning, hub, image-classification, instance-segmentation, machine-learning, object-detection, pose-estimation, python, pytorch, rotated-object-detection, segment-anything, tracking, ultralytics, yolo, yolo-world, yolo11, yolov10, yolov8",GNU Affero General Public License v3.0,Ultralytics YOLO11 üöÄ
black,psf,Python,40213,2572,2018-03-14T19:54:45Z,2025-05-10T20:00:38Z,"autopep8, code, codeformatter, formatter, gofmt, hacktoberfest, pre-commit-hook, python, yapf",MIT License,The uncompromising Python code formatter
airflow,apache,Python,39995,15001,2015-04-13T18:04:58Z,2025-05-10T22:08:26Z,"airflow, apache, apache-airflow, automation, dag, data-engineering, data-integration, data-orchestrator, data-pipelines, data-science, elt, etl, machine-learning, mlops, orchestration, python, scheduler, workflow, workflow-engine, workflow-orchestration",Apache License 2.0,"Apache Airflow - A platform to programmatically author, schedule, and monitor workflows"
TTS,coqui-ai,Python,39910,5085,2020-05-20T15:45:28Z,2025-05-10T21:53:00Z,"deep-learning, glow-tts, hifigan, melgan, multi-speaker-tts, python, pytorch, speaker-encoder, speaker-encodings, speech, speech-synthesis, tacotron, text-to-speech, tts, tts-model, vocoder, voice-cloning, voice-conversion, voice-synthesis",Mozilla Public License 2.0,"üê∏üí¨ - a deep learning toolkit for Text-to-Speech, battle-tested in research and production"
cheat.sh,chubin,Python,39338,1813,2017-05-07T21:40:56Z,2025-05-10T18:40:20Z,"cheatsheet, cli, command-line, curl, documentation, examples, hacktoberfest2021, help, terminal, tldr",MIT License,the only cheat sheet you need
streamlit,streamlit,Python,39278,3445,2019-08-24T00:14:52Z,2025-05-10T22:07:59Z,"data-analysis, data-science, data-visualization, deep-learning, developer-tools, machine-learning, python, streamlit",Apache License 2.0,Streamlit ‚Äî A faster way to build and share data apps.
bert,google-research,Python,39109,9673,2018-10-25T22:57:34Z,2025-05-10T16:32:59Z,"google, natural-language-processing, natural-language-understanding, nlp, tensorflow",Apache License 2.0,TensorFlow code and pre-trained models for BERT
mitmproxy,mitmproxy,Python,39037,4177,2010-02-16T04:10:13Z,2025-05-10T20:25:28Z,"debugging, http, http2, man-in-the-middle, mitmproxy, proxy, python, security, ssl, tls, websocket",MIT License,An interactive TLS-capable intercepting HTTP proxy for penetration testers and software developers.
Deep-Learning-Papers-Reading-Roadmap,floodsung,Python,38990,7353,2016-10-14T11:49:48Z,2025-05-10T18:27:30Z,deep-learning,No license,Deep Learning papers reading roadmap for anyone who are eager to learn this amazing tech!
freqtrade,freqtrade,Python,38949,7686,2017-05-17T23:48:53Z,2025-05-10T22:08:21Z,"algorithmic-trading, bitcoin, cryptocurrencies, cryptocurrency, freqtrade, python, telegram-bot, trade, trading-bot",GNU General Public License v3.0,"Free, open source crypto trading bot"
FastChat,lm-sys,Python,38543,4700,2023-03-19T00:18:02Z,2025-05-10T13:51:13Z,,Apache License 2.0,"An open platform for training, serving, and evaluating large language models. Release repo for Vicuna and Chatbot Arena."
unsloth,unslothai,Python,38427,3011,2023-11-29T16:50:09Z,2025-05-10T22:08:45Z,"deepseek, deepseek-r1, fine-tuning, finetuning, gemma, gemma3, llama, llama-4, llama3, llama4, llm, llms, lora, mistral, qlora, qwen, qwen3, text-to-speech, tts, unsloth",Apache License 2.0,"Finetune Qwen3, Llama 4, TTS, DeepSeek-R1 & Gemma 3 LLMs 2x faster with 70% less memory! ü¶•"
DeepSpeed,deepspeedai,Python,38277,4360,2020-01-23T18:35:18Z,2025-05-10T22:12:12Z,"billion-parameters, compression, data-parallelism, deep-learning, gpu, inference, machine-learning, mixture-of-experts, model-parallelism, pipeline-parallelism, pytorch, trillion-parameters, zero",Apache License 2.0,"DeepSpeed is a deep learning optimization library that makes distributed training and inference easy, efficient, and effective."
gradio,gradio-app,Python,37956,2888,2018-12-19T08:24:04Z,2025-05-10T21:18:43Z,"data-analysis, data-science, data-visualization, deep-learning, deploy, gradio, gradio-interface, hacktoberfest, interface, machine-learning, models, python, python-notebook, ui, ui-components",Apache License 2.0,"Build and share delightful machine learning apps, all in Python. üåü Star to support our work!"
quivr,QuivrHQ,Python,37807,3634,2023-05-12T23:53:30Z,2025-05-10T21:18:30Z,"ai, api, chatbot, chatgpt, database, docker, framework, frontend, groq, html, javascript, llm, openai, postgresql, privacy, rag, react, security, typescript, vector",Other,"Opiniated RAG for integrating GenAI in your apps üß†   Focus on your product rather than the RAG. Easy integration in existing products with customisation!  Any LLM: GPT4, Groq, Llama. Any Vectorstore: PGVector, Faiss. Any Files. Anyway you want. "
Open-Assistant,LAION-AI,Python,37345,3267,2022-12-13T05:24:17Z,2025-05-10T18:08:08Z,"ai, assistant, chatgpt, discord-bot, language-model, machine-learning, nextjs, python, rlhf",Apache License 2.0,"OpenAssistant is a chat-based assistant that understands tasks, can interact with third-party systems, and retrieve information dynamically to do so."
python-cheatsheet,gto76,Python,37161,6610,2018-01-25T04:16:53Z,2025-05-10T21:28:07Z,"cheatsheet, python, python-cheatsheet, reference",No license,Comprehensive Python Cheatsheet
ray,ray-project,Python,36961,6272,2016-10-25T19:38:30Z,2025-05-10T22:08:29Z,"data-science, deep-learning, deployment, distributed, hyperparameter-optimization, hyperparameter-search, large-language-models, llm, llm-inference, llm-serving, machine-learning, optimization, parallel, python, pytorch, ray, reinforcement-learning, rllib, serving, tensorflow",Apache License 2.0,Ray is an AI compute engine. Ray consists of a core distributed runtime and a set of AI Libraries for accelerating ML workloads.
